﻿Resolution description,Action
Fixed with workaround. Verification by requester successful.,Restart
test file in rzz. file copied from production and restarted. ran ok.,Restart
Change of Input-Records,Restart
Changes in JCL have been made but Job was ordered before the changes were deployed.,JCL change & Restart
"New GDG-File missing, output-file set to Dummy.",JCL change & Restart
Data-Issue resolved and restart successful,Restart
correct handling of transaction type,Restart
Changing of JOB Params,JCL change & Restart
Job deleted from Control-M,Restart
JCL error fixed by scheduling group,JCL change & Restart
Wrong program was called in the job. Job corrected and repromoted.,JCL change & Restart
Header record missing in keymap delta file from MIDI. The header record was created manually.,Restart
Space adjusted for file in jobs. Should be now fixed.,JCL change & Restart
Batch off caused files to be missed. Outstanding Jobs cancelled.,Cancelled
Job control needed to be changed.,JCL change & Restart
Job changed and restartet.,JCL change & Restart
Restart Monitor and reprocessing of message.,Restart
Job resolved and restarted,Restart
There was some issue with the BPST database yesterday during the job execution time .,Restart
Job restartet.,Restart
Rerun has run through,Restart
fixed,Restart
and restarted,Restart
resatrt,Restart
fixed,Restart
fixed,Restart
restart ok,Restart
restart,Restart
restart,Restart
Temporary issue: Issue resolved by L3. The state of the EDP.jobsequence has been updated to Success and the next job sequence was triggered and the EDP has finished successfully.,Restart
"Access Issues. As confirmed by third level that this was an Inc that ram needed so he can do some stuff, and as confirmed by Ram to 3LSI this can be closed. Hence marking this as Resolve",Restart
Temporary issue: issue resolved by L3,Restart
DISTRIBUTION ISSUE: Mainframe issues have been resolved. Confirmed with Lipika she is able to access now. Confer attached email,Restart
ACCESS ISSUE: both the job TAT2800P and TAT28OSP have executed successfully. Marking the INC as resolved as confirmed by the user.,Restart
The feeding application was delivering wrong data in one of the orders fields. So we had to disqualify all these orders on the error file by changing the parameter “$@FEHL” from 100 to 3000 in both parm members.,PARM change and restart
Disable BON VIVA Switch for QBEL-Depotgebühren.,Restart
Fileumbenannt,JCL change & Restart
Jobs fixed.,Restart
Job fixed.,Restart
Fixed.,Restart
Fixed.,Restart
Please restart the program. In the input file ‘DO.VMLA1 .DLUXSW were some wrong safekeeping accounts. This file is delivered by \AA6608P program W1781 O (W.VMLA1 .DLUXW). I emptied now our file.,Restart
Incomplete configuration for new taiff model.,Restart
Unknown program abend. Delete checkpoint in TSO IMSPRF and did a rerun instead of a restart. Program ended fine.,Restart
"Program ER5250 had three puts of field WPPOS_KWT_MO, which led to an error in RZZ.",Restart
"Sometimes that field has some weird stuff in it, which causes an error.",Restart
Issue should be resolved.,Restart
Issue should be resolved.,Restart
Neue Programmversion promoted,Restart
Jobs fixed.,Restart
Solved,Restart
Issue should be resolved.,Restart
Issue should be solved.,Restart
Abend fixed.,Restart
Abend fixed.,Restart
Fixed.,Restart
Job fixed.,Restart
Wll be fixed with next JAP Release.,Restart
Data-Problem (corrupt) on TDGI 28A1.,Restart
Fixed.,Restart
Jobs fixed.,Restart
Job fixed.,Restart
Jobs fixed.,Restart
Jobs fixed.,Restart
Jobs fixed.,Restart
Pointerzuweisurìg auf Struktur YERDOET wurde versehenthch rausgeloscht.,Restart
Jobs fixed.,Restart
Jobs fixed.,Restart
VWong Data in Inputfile corrected,Restart
Jobs fixed.,Restart
ALIS process inactivated (runs only for comparison reason)!,Restart
Abend fixed.,Restart
Issue should be resolved.,Restart
Jobs fixed.,Restart
"Reason: DDOSVO2 (error-File) removed from pgm, while we use a D02-Table to report all the errors.",Restart
Jobs or Data fixed.,Restart
LCTL Member from D02 team changed because of new DB2 functiorubehavior,Restart
temporär fix,Restart
corrected and redeplyoed,Restart
rerun instead of restart,Restart
Es hatte em Dataset gefehlt. Es wurde in der Zwischenzeit erstelt.Job nach Rerun ok…,Restart
Trace war eingeschalten und hat einen Überlauf des Sysprints verursacht 6 Mio Zeilen. Nach der lnaktivierung des Traces auf Tabelle TFK900AI ¡st der Job nun durchgelaufen,Restart
Duplicate rows from Unit test (manual input),Restart
restart,Restart
Control table TSVO59AI was not corred loaded,Restart
Corrupt data because of manually override action,Restart
Em File wurde von ALIS zu spat geliefert. 0k nach Rerun,Restart
Put-Steuerung war testhalber eingeschaiten. Daher wurden zuviele Einträge ins SYSPRINT geschrieben...,Restart
Fehler an VDPS weitergegeben.,Restart
Programm SV5720 SQL-Zugrif f korrigiert (Klammern um die neue Bedingung haben gefehlt und somit wurde die Selektionsmenge zu gross),Restart
Adressinstruktion 2060-3088 hat gefehit und wurde nun erfasst,Restart
Decimal fixed overflow. Es wurde versucht em dec fixed (31 .1 5) Feld aIs dec fixed (156) mit builtin dec zu skalieren. ,Restart
Returncodearea was not corred initialized.,Restart
Changes in JCL from last week havent been promoted correctly to SIT. The input dataset as well as the output dataset had wrong file definition. Solution -> repromote JCL’s to SIT and wait for next EDP,Restart
ProgramChange,Restart
Jobs restartet,Restart
missing entry on table TSVOO2AI for instance SV5650A2 added,Restart
Em Modul mit geönderter Schnittstellenstruktur war nicht promotet,Restart
Programm corrected,Restart
reference deleted and fresh DO unload,Restart
restart,Restart
Promotion of missing D02 component,Restart
fixed,Restart
Abend was in an external module from a different application.,Restart
program fixed,Restart
"everythin promoted, restart ok",Restart
DOLl Member adapted,Restart
FORCE OK,Force ok
program fixed,Restart
"somebody fixed issue, I dc’rit kric’w neither who nor how",Restart
restart,Restart
DCLI member edited,Restart
Trx restarted,Restart
FORCE OK,Force ok
fixed,Restart
fier recompiling and promoting all the related module job executed successfully.,Restart
"Please restart first one jobthan after ft ended, startthe other. It is a known problem. And we aretryingto fix it,tillthen a manual intervention is needed",Restart
solved,Restart
force all jobs OK,Force ok
force jobs ok,Force ok
reran job,Restart
restart 0k,Restart
Programm restarted,Restart
add missing in conditions,ADD/Bypass cond
restarted,Restart
restart 0k,Restart
Korrupte lnput-Daten. Daten korrigiert und restarted,Restart
fixed,Restart
Missing Segment updated and Jobs rerun successfully,Restart
Restart,Restart
Restart,Restart
Database segment updated and job executed fine.,Restart
double processing control deactivated and restart.,Restart
Restart,Restart
"Data fixed, orders reactivated, orders processed successfully.",Restart
Restart OK,Restart
Forced OK. BALREC don’t run in RZZ,Force ok
Job force ok. OALREC does not run in RZZ,Force ok
This feeder has waiting period of 24 hrs before NOS mark the accounting cycle as closed. Input file is empty — no action needed. Job - forced OK.,Force ok
This feeder has waiting period of 24 hrs before NOS mark the accounting cycle as closed. Input file is empty — no action needed. Job - forced OK.,Force ok
Keine Aktion. Forced 0k da Liefertrag bereits geschlossen,Force ok
Job forced OK,Force ok
Force 0k due to dota inconsistency,Force ok
Jobs forced 0k due to corrupt data - YKCKSTA RC 23,Force ok
Job forced 0k due to some data inconsistency,Force ok
Forced ok wegen Dateninkonsistenz - YKCKSTA RC 23,Force ok
force okd the jobs,Force ok
job was being forced by another job,Force ok
CTTT200X was forced OK and did set the condition. This caused the crash on NPMS side because of missing Datafile,Force ok
Requested to ForceOk the job as the abend was caused by a threshold check for updating the tables.,Force ok
"Job failed due to dataset unavailabiüty - AV.W.LO073.POSITION.AVS7OOG. Job FORCED 0k for this run, as the dataset was not created by lnvestnet.",Force ok
"NIT320CP failed for dataset not found error. It was forced for this run because its a new job in an old name, so the old job had to be renamed with a new name. It is not set in scheduler properly.",Force ok
Isabella has forced ok these failed jobs as only on split 8 there was data. Reason - typical DvSZ constellation: not all data from the system gets to DvSZ. So it can happen that some splits are empty.,Force ok
"Job failed for CC 0001 , as the input files are empty CC 0001 is acceptable condition, so the job FORCED OK.",Force ok
"Job FORCED for this run, as it was a duplicate run.",Force ok
Job NIT32OAP failed due to dataset unavailability. The job was forced for this run.,Force ok
Job NIT3O2OP failed due to dataset not found issue It is torced for this run.,Force ok
Job AVT5620P was forced since we didn’t receive the files from investnet.,Force ok
Job is in Not Submitted state as the member NITI OZ9P is not present in PCL.U0000.PO.RZ2AKT.PERM.@00S.JCO PDS. it is a dummy job and its FORCED 0k for this run.,Force ok
Job was forced for this run.,Force ok
Job was forced as CCO4 is acceptable.,Force ok
AVTS62OP Job failed to dataset not found error. The job is forced for this run since the dataset is not received from investnet.,Force ok
Job AVT562OP failed for dataset not found error. the job was forced for this run.,Force ok
This is a new job chain being set up & few promotions are still pending. And hence we are forcing it 0k for this run alone,Force ok
issue in tile parameters. forced ok the jobs,Force ok
"Inkonsistente Daten für MT3O, Job get orced",Force ok
"Inkonsistente Daten, Job get orced",Force ok
Test data with unrealistic large amount caused the additional operation to fail. job was forced,Force ok
Job was forced,Force ok
Forced,Force ok
ForceOK the Job and add Sperr-Condition to the next one,Force ok
ForceOK the Job,Force ok
"job torced, seems to be a problem with yycrcx",Force ok
Batch continued after torce OK. Correction ¡n Job4rogramm required for next batch.,Force ok
Forced ok.,Force ok
Issue resolved but forced ok due to already closed accounting cycle for odate 06.01 .2015.,Force ok
Forced ok.,Force ok
FORCE-OK given. Reason/cause/Workaround the same as described with issue INC003I24084.,Force ok
Condition is corrected in pkg,ADD/Bypass cond
Batch Scheduling doesni consider the INC Queue. Please raise REt.,ADD/Bypass cond
Batch Scheduling doesni consider the INC Queue. Please raise REt.,ADD/Bypass cond
bypassed conds,ADD/Bypass cond
added to ordering,ADD/Bypass cond
Batch Scheduling doesn consider the INC Queue. Please raise RFC.,ADD/Bypass cond
condition removed,ADD/Bypass cond
no active Monitoring of INC Queue. Please raise RFCADRMiReIease for Batch issues.,ADD/Bypass cond
condition deleted,ADD/Bypass cond
Batch Scheduling doesni consider the INC Queue. Please raise REt.,ADD/Bypass cond
bypassed condftion,ADD/Bypass cond
no active Monitoring of INC Queue. Please raise REC/ORMiRelease for Batch issues.,ADD/Bypass cond
jBatch Scheduling doesni consider the INC Queue. Please raise RFC.,ADD/Bypass cond
Temporary error in test environment,ADD/Bypass cond
Typo in condition name.,ADD/Bypass cond
Test environment,ADD/Bypass cond
no active Monitoring of INC Queue.,ADD/Bypass cond
Please raise RFCADRMReIease for Batch issues.,ADD/Bypass cond
Test environment,ADD/Bypass cond
Temporary error in test environment,ADD/Bypass cond
Resolved,ADD/Bypass cond
In-conditions were bypassed and jobs ran with empty files,ADD/Bypass cond
Jobs were forced since there are no Wncredit fdes available,ADD/Bypass cond
Start Transaction SNO2 and start the jobs.,ADD/Bypass cond
Ticket ist aus dem DVSZ und schon äiter und bis dato nicht mehr vorgekommen oder es gibt em neueres Ticket,ADD/Bypass cond
SNO2 run was required.,ADD/Bypass cond
"Could you please set the resource back as earlier because we have critical test phase is on-going.
We are raising the INC for this activity and provide you the SNOW ticket number shortly",ADD/Delete Resource
Job failed due to duplicate records. After removing duplicate job ran fine.,Data entity change and restart
Removed the duplicate entries.,Data entity change and restart
"Job failed due to duplicate records coming from external application after removing it, job ran fine.",Data entity change and restart
Job failed with duplicate records. After removing duplicates. Job ran fine.,Data entity change and restart
"Dad data problem, two headers had to be deleted from the inputfile",Data entity change and restart
The Record Length was changed by the DvSZ Team. Please see attachment also.,JCL change & Restart
The ¡MS Subsystem ID was wrong in the JCL. IMP3 was corrected temporarily to IME3 and the job was started,JCL change & Restart
The issue was with the Limit parameter which changed later and issue got resolved.,JCL change & Restart
The file name was missing in the JCL .The job ran fine after the correct implementation in the changed ici.,JCL change & Restart
Root cause-input file name DDINI 00 was incorrect. Resolution-Changing the input file DDINI DOto CD.U0000.PO.CIFS.UCDI 0002 resolved the issue.,JCL change & Restart
"Job failed with dataset not found error, after renaming the dataset,the job ran fine.",JCL change & Restart
All the jobs ran fine after the record length change.,JCL change & Restart
Jobs failed due to Lrecl mismatch. After the correction the job ran fine.,JCL change & Restart
Job failed due to record length mismatch. After correcting the LRECL the job ran fine.,JCL change & Restart
Job Failed with LRECL mismatch aft er changing the LRECL job rerun fine.,JCL change & Restart
Job failed for record length mismatch. After correcting it job ran fine.,JCL change & Restart
Jobs N1T32*P failed due to syntax error. After giving the proper syntax in the ici the job ran fine.,JCL change & Restart
changed output file’s RECFM to F5,JCL change & Restart
"Job failed for LRECL issue. After correcting the LRECL, it ran line.",JCL change & Restart
"Job failed with wrong DD name, after correcting it job ran fine.",JCL change & Restart
"After correcting the file name, Jobs ran fine",JCL change & Restart
"Initially job failed with Undefined file(Oncode = 84) condition for DDOUTOI After changing DD statement DDOUTI to DDOUTOI ,job failed again for Record Length mismatch error(Oncode =22) for DDINOI . After creating the file with LRECL 248 job reran fine.",JCL change & Restart
Job failed due to an error in sysin card. After correcting it. the job ran fine.,JCL change & Restart
"The job AVTO900P failed in today’s RZZ TEV due to changes in P01 E step. The DDIOI file was changed to a NULLFILE in the ICETOOL step without specifying the record format and the job hence failed. After making changes in the job (P01 E step) temporarily for today’s RZZ, it ran fine.",JCL change & Restart
Dataset name was having junk characters. After removing it Job ran fine.,JCL change & Restart
"N1S351 2P job failed due to Lrecl mismatch. After giving the correct record length, the job ran fine.",JCL change & Restart
Job failed with record length mismatch. After changing the record length the job ran fine.,JCL change & Restart
N1T32*P failed with dataset not found error. After renaming the datasets the job ran fine,JCL change & Restart
Job failed due to dataset not found issue. After renaming the dataset name the job ran fine.,JCL change & Restart
Job failed due to LRECL Mismatch. After correcting the record length the job ran fine.,JCL change & Restart
"Job failed due to LREGL issue. After fixing it, job ran tine.",JCL change & Restart
N1S3522P job failed with Oncode =22(Record Length Error) error for DLANRKLST. After changing the LRECL from 206 to 310 job ran fine.,JCL change & Restart
Job failed with sysin card issue.. after correction the job ran tine..,JCL change & Restart
"Job failed with Lrecl mismatch. After correcting it, the job ran tine.",JCL change & Restart
File send from TT2 had bad format: vo instead of F0,JCL change & Restart
ODATE corrected. Job ran successfully. Jobname Job ID Start Date Start Ti End Date End Time CWTI3OIP J0006614 17.03.2016 08:21:52 17.03.2016 08:22:45,JCL change & Restart
Corrected tile length (old) to 512 char,JCL change & Restart
LRECL set to 24 and rerun,JCL change & Restart
Correct LRECL to 24 and rerun.,JCL change & Restart
$@MAXADR= 110000 increased to $@MAXADR= 510000,PARM change and restart
NITSSOBP failed due to s 722 outlim error. After removing the trace job ran fine.,PARM change and restart
NIT364OP failed with Oncode Error 92 (Undefined File) for DD#PARM(N1T3640P). After overriding the parm member the job ran line.,PARM change and restart
Parm has to be corrected.,PARM change and restart
"You can try to change the checkpoint-rate from
0100, P $@PARM5 ANZAHL UNIT_OF WORK PRO ECR-LOOP I
to
0001, P $@PARM5 ANZAHL UNIT_OF WORK PRO ECR-LOOP I",PARM change and restart
removed blank character,Schedule change
sched modifies,Schedule change
removed blank character,Schedule change
issue is fixed. Set the condition in JCLto bypass CC 04 return code,Schedule change and restart
Euro Messages for 4866 were deleted from the DO as these are not valid,Restart
Data corrected (in input file and on database) and job restarted (ended OK).,Restart
There was a very old entry in the over lib. Wflh the correct JCL the job was successful.,Restart
Restart OK,Restart
Expected MO messages did not arrive and NZT7000P waiting eternally for them. This somehow causes an abend.,Restart
Promote latest version. Restart OK.,Restart
"Data fixed, Jobs restarted OK",Restart
Kushal created a new correct file.,Restart
Restart,Restart
Change has been placed in offshore team,Restart
Problem solved. Restart OK.,Restart
missing parameter captured,Restart
Restart OK,Restart
Restart,Restart
Program correction with cycle 2t1 6. Restart ok.,Restart
restart o.k.,Restart
issue is resolved now,Restart
KCT6300P issue has been resolved by offshore colleague.,Restart
Due to incorrect input data,Restart
Issue has been resolved with Job Handling by offshore colleague.,Restart
Issue is resolved now.,Restart
"There was a mistake in the SYSIN part of one of the job step, which has been corrected and the job ran successfully.",Restart
Missing Data added and restart,Restart
Inkorrete Daten korrigiert. Konto ist noch nicht eräftnet,Restart
"Missing D1272 declaration in GW statement. OWl - could handle this scenario; hence no copybook declaration was needed. As we activated 0W2 in DvSZ, job failed. Necessary action has been taken.",Restart
JCL korrigiert und restart.,Restart
Wrong Data. correct the Data and Restart.,Restart
Input-Daten angepasst und restart.,Restart
IPGM angepasst und restart.,Restart
Nach Restart 0k,Restart
File erstelit und restart,Restart
Es wurden in der OFM falsche Daten geschickt. Zu vicIe Nachkomma-Stellen,Restart
D2 nicht vorhanden. Nach Restart i.o.,Restart
Restart OK,Restart
Keine Aktion. Automatischer Restart,Restart
Doppeer Key entfernt und restart,Restart
Faksche Daten korriqiert und restart.,Restart
Keine Resourcen. Nach Restart 0k.,Restart
No Action.,Restart
Programm nicht vorhanden,Restart
Program changed,Restart
Inkorrekte Daten korrigiert Konto noch nicht vorhanden,Restart
Add Sortwork files,Restart
‘ong Data. Delete the wrong bookings and restart.,Restart
Resourcen-Problem. Nach Restart 0k.,Restart
JCL anqepasst und restart.,Restart
Programm-Fehler behoben und restart.,Restart
JCL angepasst und restart,Restart
Anpassung in YYBTMB,Restart
POM angepasst und restart,Restart
Corrected the wrong Data and restart,Restart
Wrong Data corrected and Restart,Restart
PGM angepasst und restart,Restart
PGM angepasst und restart.,Restart
Proqramm nochmals promotet und restart,Restart
"Es wurden doppelte Meldungen geschickt,",Restart
Validation Criteria changed so that the new accounting criterias (missing p09-ledger) for Acc-Qualifier 21 are accepted,Restart
data corrected,Restart
Restart,Restart
restart,Restart
data corrected,Restart
data corrected,Restart
restart,Restart
daten korrigiert,Restart
restart,Restart
Fixed.,Restart
The Input file was having wrong block size as it was blank 1 A new input tile with correct block size was created and the job was restarted.,Restart
Batch issue resolved.,Restart
Clean up input file,Restart
Job restarted after application data fix in file or table. Job abended due to data issue.,Restart
Resolved,Restart
Rows with failing accounts deleted,Restart
Abend happened due to EOP contract which is to be resolved now.,Restart
This is not the likely scenario in PROD region. No action is required.,Restart
Clean up input file,Restart
Failing accounts deleted,Restart
accounts with too high amounts deleted,Restart
Parm change,Restart
Issue has been resolved now.,Restart
Delete corrupt accounts from input,Restart
Rows with failing accounts deleted,Restart
parm change,Restart
Corrupt accounts deleted,Restart
account number with highest amount deleted,Restart
Issue has been resolved with Job Handling by team colleague.,Restart
Issue resolved now.,Restart
Batch components recompiled and promoted in proper sequence. Job restarted and executed successfully after that.,Restart
Issue is resolved now by NBSI. Plausi module was creating issue.,Restart
done,Restart
The job was restarted and it ran successfully.,Restart
"A planned change for this JobiPGMs got invalid, the PGM was already demoted, the Job not (Job demote/delete only via JobBuilder)",Restart
Input file cleaned,Restart
enlarge table size,Restart
Resolves,Restart
Its resolved now.,Restart
done,Restart
no BTM delivery,Restart
Job restarted after application data fix in file or table. Job abended due to data issue.,Restart
Missing file copied from PTA,Restart
Solved,Restart
Accounts with wrong currency information deleted,Restart
Corrupt accounts deleted,Restart
Accounts deleted from input file,Restart
Input file cleaned,Restart
MissingAMong dataset reproduced,Restart
No active INC Monitoring. Please raise RFCORMIReIease for Batch issues.,Restart
Temporary error in test environment,Restart
application created missing dataset,Restart
Temporary error in test environment,Restart
All the Readers processing Sysout with more than 10.000 lines where busy...The Sysout is now complete on B92,Restart
CT restarted,Restart
Parm member changed. Restart from start ok.,Restart
IJob restarted,Restart
Job executed successfully,Restart
resolved,Restart
Job executed successfully,Restart
Job Executed successfully,Restart
Job Executed successfully,Restart
The destination server wasn’t responding hence the failure.,Restart
The DB2 utility wasni freed hence the image copy job failed.,Restart
Batch Scheduling CH Team doen’t consider INC as an order tool. Please raise RFC or ORM,Restart
SB.U0000.P9.SKUM1 dup in cat issue resolved.,Restart
Critical Test Phase of 16.09.15 to 14.10.15 i.e. November Release has ended. So we are resolving the ticket.,Restart
Job has been ended ok.,Restart
Job has been resolved.,Restart
The job has been ended ok.,Restart
resolved,Restart
"next TEY run, runs fine",Restart
Critical Test Phase of 16.09.lSto 14.10.15 i.e. November Release has ended. So we are resolvingtheticket.,Restart
Programnm recompiled and job restarted. Ended okay after restart.,Restart
Critical Test Phase of 16.09.15 to 14.10.15 i.e. November Release has ended. So we are resolving the ticket.,Restart
Critical Test Phase of 16.09.15 to 14.10.15 i.e. November Release has ended. So we are resolving the ticket.,Restart
Job ran fine after a restart.,Restart
The job has been resolved.,Restart
job fine after restart,Restart
Critical Test Phase of 16.09.lSto 14.10.15 i.e. November Release has ended. So we are resolvingtheticket.,Restart
Critical Test Phase of 16.09.lSto 14.10.15 i.e. November Release has ended. So we are resolvingtheticket.,Restart
Job has been resolved.,Restart
Ended fine after a restart,Restart
Critical Test Phase of 16.09.lSto 14.10.15 i.e. November Release has ended. So we are resolvingtheticket.,Restart
Critical Test Phase of 16.09.lSto 14.10.15 i.e. November Release has ended. So we are resolvingtheticket.,Restart
Critical Test Phase of 16.09.15 to 14.10.15 i.e. November Release has ended. So we are resolving the ticket.,Restart
Batch Scheduling CH Team doen’t consider INC as an order tool. Please raise RFC or ORM,Restart
“it looks that the 2 jobs did run in parallel.Both started At 12:27.But the file was generated at 12:28.1 don’t know what ahppend.Lets see on next TEV,Restart
Critical Test Phase of 16.09.lSto 14.10.15 i.e. November Release has ended. So we are resolvingtheticket.,Restart
Critical Test Phase of 16.09.15 to 14.10.15 i.e. November Release has ended. So we are resolving the ticket.,Restart
There was a temporary deadlock. Job ran fine after restart,Restart
Critical Test Phase of 16.09.lSto 14.10.15 i.e. November Release has ended. So we are resolvingtheticket.,Restart
Job has been resolved.,Restart
job has been restarted with the changes as specitied,Restart
Directory owner is modified to ppp in DvSZ IT1 from spid s202274,Restart
The job has been ended ok.,Restart
Critical Test Phase of 16.09.lSto 14.10.15 i.e. November Release has ended. So we are resolvingtheticket.,Restart
Critical Test Phase of 16.09.lSto 14.10.15 i.e. November Release has ended. So we are resolvingtheticket.,Restart
The issue is resolved now and bpO6 is working fine.,Restart
Critical Test Phase of 16.09.15 to 14.10.15 i.e. November Release has ended. So we are resolving the ticket.,Restart
Critical Test Phase of 16.09.lSto 14.10.15 i.e. November Release has ended. So we are resolvingtheticket.,Restart
Reason : Mail Sender ID was not found. Solution : Mail sender added and job restarted.,Restart
Critical Test Phase of 16.09.15 to 14.10.15 i.e. November Release has ended. So we are resolving the ticket.,Restart
Critical Test Phase of 16.09.lSto 14.10.15 i.e. November Release has ended. So we are resolvingtheticket.,Restart
Issue is resolved. No further action required.,Restart
The job has been ended ok.,Restart
Critical Test Phase of 16.09.15 to 14.10.15 i.e. November Release has ended. So we are resolving the ticket.,Restart
Batch issue has been resolved by operation team,Restart
Job ran fine on executing it with baseline version as there is a new version promoted in all test-environments regarding Feb-release.,Restart
Job can be restarted,Restart
Critical Test Phase of 15.09.lSto 14.10.15 i.e. November Release has ended. So we are resolvingtheticket.,Restart
Duplicate journal lines - setup issue in rule 40-402,Restart
Issue known,Restart
closure,Restart
restart ok,Restart
solved,Restart
Resolved,Restart
The Job ran successfully afterwards,Restart
Laut Vijay K. Mani erledigt,Restart
Resolved,Restart
"As confirmed by Routh, the issue is resolved.",Restart
resolved,Restart
resolved,Restart
resolved,Restart
resolved,Restart
resolved,Restart
resolved,Restart
resolved,Restart
resolved,Restart
resolved,Restart
resolved,Restart
resolved,Restart
resolved,Restart
resolved,Restart
Root Cause- Authorisation checking failed.,Restart
Resolution- Authorisation checking not needed in case of batch.,Restart
The component was not promoted to RZZ for which abend occured Now its working fine,Restart
"Schmid, Martin (SKCE 12) made a bug fix. Rerun was ok.",Restart
The job ran fine.,Restart
The issue with Limit which changed to new value and it got resolved.,Restart
The job ran fine issue got resolved,Restart
Root cause- Changes not promoted to RZZ environment.,Restart
Resolution- Issue is resolved by promoting the changes to the RZZ environment.,Restart
Load module not found in RZZ. Promoting the module again resolved the issue.,Restart
The issue was resolved after demoting from package,Restart
The job has ended fine after restart.,Restart
The issue got resolved and job running fine now.,Restart
bug fix C1871 O,Restart
Code Change,Restart
Fix error...,Restart
Fix error...,Restart
Fix error...,Restart
Fix error...,Restart
Fix error...,Restart
Fix error...,Restart
Job Ended 0k after a restart,Restart
done,Restart
Job Ended 0K,Restart
Job Executed fine with a restart,Restart
job Executed Successfully after Restart,Restart
Online INVESTnet GUI was active and Batch was suspended causes this ABEND,Restart
Done,Restart
batch issue resolved,Restart
Batch Issue Resolved,Restart
batch issue resolved,Restart
batch issue resolved,Restart
Batch Issue Resolved,Restart
"NIL1 30*P failed with SQL CODE -501 after a restart the job ran fine. N1S3521 P failed with Oncode 22 after correcting it, the job ran fine.",Restart
The failure was because of the job - NßA501 P running in parallel using the same OBJECT = NIl OAI P.A700A. Please restart the failed jobs as NM501 P is now complete.,Restart
Job failed due to missing dataset which was later created by another job and then restarted.,Restart
"Job ended fine after changing the dataset name to Nl.U0000.P0,tM(.NIT3I 61 P.TRX.INP.D1 60224 and restart",Restart
"Job failed due to invalid record length. After correcting that, the job ran fine with a restart.",Restart
"Job failed with JCLERROR, Mario has resolved the issue",Restart
Job failed with jcl error. After rerun the job ran fine.,Restart
"NIA300*P jobs failed dueto dataset unavailability. Oncethe datasets are available from NPMS application,jobs ran fine.",Restart
Job NIT3I2IP ran fine after a restart.,Restart
Job failed due to another failed utility - NIS37ZZP. Requested D62 team to terminate the utility and then restarted the job.,Restart
"After dataset was available, Job was restarted. it is in wait schedule now.",Restart
Failed due to duplicate data in input XML file. After fixing the issue job ran fine.,Restart
"After recompile and promotion of VNkMSB 8 NISI 70, NIT47OI P ran fine.",Restart
"After recompile and promotion of YNMÆSB 8 NISI 70, N1T4701 P ran fine.",Restart
Renamed the missing dataset and restarted the job,Restart
Urs Giger restarted the job,Restart
Job ran sucessfully.so closing the ticket,Restart
"After removing duplicate records from ‘AV.AAN.AIS.DEPPOSBW.AVT701 7’ dataset which were present in NI.U0000.P0.NIPOSII 7.ALLDUPS, the job was rerun",Restart
N1C3193P ran fine after a restart.,Restart
"Job failed with conversion error, where the input files DDIPOS and DDTRF are having bad data. Michael Juen fixed the issue.",Restart
The job NIT30P3P failed with JCL error due to missing dataset - NI.U0000.P0.SL.PCR.PFO.T0. The dataset is shopping list XML file which is not yet received for ODATE 25!4f201 6 and therefore the job failed. Mario resolved the issue and restarted the job,Restart
Job failed because of recompile issues. Urs Giger did necessary recompiles and restarted the job,Restart
"After removing duplicate records trom AV WiN AIS DEPPOSS”%4AVT7O17’ dataset which were present in NI.U0000.P0.NIPOSII7.ALLDUPS, the job was rerun",Restart
"Job failed with dataset unavailability. After a restart with the baseline version, the job ran fine.",Restart
"Job Failed due to Invalid Record length of DDOUTI . After recompile and promotion of N15850, job ran fine.",Restart
Job failed due to issues in YAVX066 code changes which was corrected by Duc and restarted,Restart
Job failed with ‘Not Submitted’ State. Failed instance has been removed from Control M for this run.,Restart
Resolved by Urs .Giger,Restart
"Job failed with Check Pending status. As per D62 team CHECK DATA utility is running, once it is completed, Job ran fine.",Restart
"Jobs are failed with Oncode Error ‘22’, as the record length was not matching. Job restarted with N1C321 YP PARM member instead of N1C322%P.",Restart
"Job’s failed with 504E error, as the job’s were not getting CPU . After restart job ran line.",Restart
The Job ran fine after a rerun.,Restart
"Job failed with dataset unavailability for NI.U0000.P0.SL.AIR.POS.T2. Once dataset was available, job ran fine.",Restart
Job failed because the parm member is not present in the parm library. Parm values are given to be added to OVERLID and JCL changes are suggested to do a restart. Job went fine.,Restart
High Water mark count was increased.,Restart
"Job failed with ONCODE=1102 .An error occurred on a FREE statement.After mentioning the correct load name ,the job ran line with a restart.",Restart
After the jcl promotion all the splits ran fine with a restart.,Restart
Corrected the receiver PID in TN1742 table and restarted the job.,Restart
"Job failed with JCLERROR, Mario has resolved the issue",Restart
"Job failed for Record Length mismatch error, after restart job ran fine.",Restart
Code error fixed.,Restart
The update operation was not able to be performed as it didn fetch the required record. Code fix is required to correct this issue and this will be implemented after consuiting the developer. As a temp fix the affected records have been deactivated to enable a successful execution.,Restart
"NIL1501P job abended with -545 SQLCODE — check constraint (CNI790UP) error during insertion into TN1790 table in the module YNI619U.The NI790UPDT_PID_POM value is having blanks during insertion and as per the constraint CNI79OUP defined for the table TNI79OAI ,NI79OUPDT_PID_POM cannot be blanks and hence the job failed. Rossi Patrick did the necessary recompile and reran the jobs. ",Restart
Job failed because the parm member is not present in the parm librar. Parm values are given to be added to OVERLI and JCL changes are suggested to do a restart. Job went fine.,Restart
Job failed with -805 SQLCODE. AV8465 module was recompiled and promoted again. The job ran fine.,Restart
"After correcting PID in TN1742, Job ran fine.",Restart
Job was cancelled because the web services which are dependent on table 155 could not be invoked.,Restart
N1T336*P jobs failed with -805 error for YAVX004. After restart all job ran fine.,Restart
"The Job was failing with outlim error (5722). After restarting it with proper line number, job ran fine.",Restart
Failed due to incorrect record format in the JCL for DDERROR file. Corrected the JCL and restarted.,Restart
Jobs failed due less CPU availability. After restarting one by one all the failed Jobs ran fine.,Restart
"After recompiling N15740, Job ran fine.",Restart
"NIC315tP: Job failed dueto datasetunavailablity - Nl.U0000.PO.WK.NIC31SYP.TNI653 PFO.D160118 After renaming the dataset from PFD to PFO the job ran fine with a restart.
 N1C316*P. Job failed dueto oncode - 84(UNDEFINEDFILE condition was raised because a DD statement DDOUTOI). After renaming the DD name to DDOUT01. Job ran fine with a restart.",Restart
Job NIT3I 93P ran fine after a restart.,Restart
"Job failed for Record Length mismatch error, after restart job ran fine.",Restart
Jobs NIS33*YP tailed dueto dataset not found error. Once the datasets are available the job ran tine.,Restart
The module YAVXO39 and all the necessary recompiles were done and restarted. Urs Giger resolved the issue.,Restart
"Job failed with CCO4 for duplicate recs. Since Job was restarted with wrong LRECL input file, it abended with SO4E. Job was forced for the run.",Restart
Job failed with JCLERROR. JCL was incorrect dueto promotion issue. Mario provided the corred JCL and the job ran fine.,Restart
Data fixed,Restart
Data issue fixed,Restart
Data fixed and Job rerun,Restart
Data fixed and job rerun,Restart
Data fixed and rerun OK,Restart
Data issue solved and rerun,Restart
Error reported to Development,Restart
Data fixed and Job rerun,Restart
DB Error,Restart
Data fixed,Restart
DvSZ Tickets not supported in PROD,Restart
Read permission of certificate fixed by DvSZ Operation,Restart
Data fixed,Restart
Data fixed,Restart
Data issue fixed,Restart
Webservice change,Restart
Datas fixed and rerun,Restart
Data fixed,Restart
Data issue fixed,Restart
Job failed due to SQL -924 ( D62 internal connection problem). We wafted for a while and requested a restart.,Restart
Data issue fixed,Restart
failed because the file AV.MALAIS.DEPPOSA/.AVT701 7 was having duplicate record 1 ran fine after removing the error record.,Restart
Completed.,Restart
"The Job is failing in FTP Step P04, while connecting to below server with Authorization failure: Connecting to: Cl-W2004551 9.ch.ad.hedani.net 169.57.38.65 port: 2121 .220 ProFTPD I .3.4d Server (FTP with TLS)",Restart
The dataset was created andthistriggeredthe job. The job ended tine. Sothe failed job hasto be deleted.,Restart
Account-number in the input-file were deleted. We will check the joblib-statements in the jcl.,Restart
"Fehlerhafte Konti aus Input geläscht, warden durch Oenutzer korrekt entflaggt.",Restart
A customer has inserted wrong data. I told him the correct solution. Until the correction 1 i have deleted the wrong data manually.,Restart
Restart,Restart
wrong sublimite deleted in the inputuile,Restart
"SQL-Code -805. Recompiles, restart okay",Restart
"Fehlende Limiten auf UB-Konto, Testdatenproblem.",Restart
"Rahmenkredit entflaggt, in Selektions- und Umlauffile entfernt, Job Restart.",Restart
"Dateninkonsistenz in CARAT, Restart okay",Restart
"Unplausible Daten in iPrice. Daten bereinigt, Restart okay.",Restart
VWong credits manually corrected,Restart
"Test mit Kapitalauszahlungsbetrag = 0. In YHYMI 41 musste eme Plausi angepasst werden, dann Restart okay.",Restart
change KOQU to SKPA in BOLl and Restart,Restart
Dl201 muss vor Dl048 geschrieben werden. File für diesen Lauf manuell geändert. Programme HYS5I O und HY5520 für nächste Läufe angepasst.,Restart
"YKCKMUT liefert RC 22, weil Limiten-Segment auf UB-Konto fehit. Testdatenproblem. Bei einem solchen RC nicht abendieren, sondern Meldung in Mail schreiben.",Restart
"in Programm wurde korrigiert, Restart okay.",Restart
"Fehler in NBS-Module wurde korrigiert, Restart okay",Restart
Restart ok.,Restart
Restart ok,Restart
Checkpointfrequenz in DvSZ von 100 auf S erhöht Restarts OK,Restart
"Inkonsistente QE-Daten, Restart okay",Restart
"Fixed overflow wegen vid zu hoher Zinssätze in iPrice. Daten korrigiert, Restart ok",Restart
"Unplausible daten in iPrice. Daten bereinigt, Restart okay.",Restart
ungültige Sublimiten manuell aus dem Inputfile entfernt,Restart
wrong credits deleted in inputfile.,Restart
Missing container toolbox in main program HY5070,Restart
"Two accounts in the input deleted. The first had an wrong kas, the second an wrong business-unit.",Restart
Restart,Restart
JCL-Components are promoted.,Restart
new loads of the programs were not available,Restart
Missing application factor on table TCZ74S,Restart
Job ran fine after restart.,Restart
"Monthly File not received from TT2 external interface, continue with empty tile.",Restart
restart.,Restart
"An account contains a to big amount, By restart this account will be ignored and the program terminate correctly",Restart
Authorisation problem because certificate as exired,Restart
Amount changed,Restart
After restart job ran fine,Restart
Recompile the application and repromote.,Restart
Restart. The account with big amount has been bypassed,Restart
Error in calling IMS interface,Restart
Program restart (the affected credit has been bypassed. reason for missing CSID will be analyzed,Restart
Investigating if is an ACF2 problem or JCL,Restart
Usage on TKBI 00 deleted,Restart
Data corrected,Restart
data was manually updated causing an inconsistency,Restart
A cruse account contains an amount > 999’999999’999.999 Since a module is not able to handle such abend the program fail. By restart the affected account is no more elaborated. This upon only in Test and per august 2016 the affected Module will be repared.,Restart
Boli-Member corrected.,Restart
Bolib korrigiert.,Restart
Resolved by D52 Administration team because D02 tablespcace CZO4AI P .A501 A was not available.,Restart
Program corrected,Restart
Parm Member Check in and promotion Job rernum using overlib,Restart
Correction on TCZ39SA1.,Restart
Issue is resolved from Pooja (see comments),Restart
correct output length and restart job,Restart
"Incorrect code deployment, demoted changes then has run fine.",Restart
Job was restarted after correct file was created,Restart
fix the new code and restart,Restart
Rerun,Restart
Daten korrigiert und Restart.,Restart
Restart the job,Restart
Job restarted,Restart
data error,Restart
Dehoben,Restart
"spatter restarten, dann 01<",Restart
next run 01<,Restart
See 1NC0041 83104,Restart
IMS was partially available. Only IME3 and the Batch was affected. Reason was a appl. program destroying the restart load library. See INCOO4I 83104,Restart
Delete of hanging order. Resolution of condtions,Restart
Queue of NZ56 deleted,Restart
Job Executed fine with a restart,Restart
asdf,Restart
"the compoenerit was not deployed properly, After the deployment, the job was rerun and ran successfully",Restart
needs a new IT build,Restart
There were some data issues on db for incidents table. After resolving them the job was rerun and completed fine.,Restart
The MYH compoenent was not deployed properly. After the deployment batch ran succesfully.,Restart
this is due to last build went wrong. ft needs a fresh build and now went sucessfully,Restart
The issue is successfully resolved and communicated via mail,Restart
Falsche Test-Daten. Betroffene Konti aus dem Input-File gelöscht. Job nach Restart OK gelaufen.,Restart
"job was forced incorrectly, whole schedule has to be restarted otherwise there would be an irreparable data inconsistency",Restart
0881100881023000 musste vom Test Data Center geläscht werden,Restart
Programm korrigiert.,Restart
V’kong parameters corrected,Restart
Rerun,Restart
"1m Programm den FIXEDOVERFLŒN ahgefangeri,",Restart
Incident from last week. Montor is runriinci aclairi.,Restart
Recompiles of component needed. Restart of Job successlul.,Restart
DvSZ-E Versioning Problem 1 Demote and Area Retrieve,Restart
"Common Technical problem in Batch environment, not related to any COPE Module",Restart
Changed the call for parameter to receive Char instead of Oft,Restart
"BPSTAM calls for a user who has left CS, therefore it returns a ‘NOK’-RC",Restart
"Deleted the bad record from the ¡nput file, deleted the data also from the database.",Restart
"Performed correction in the JCL, add missing DD-Statement. Restart of Job was ok.",Restart
Segment reader increased. Job rerun successful.,Restart
"test data issue, related to a PID",Restart
fixed,Restart
fixed,Restart
fixed,Restart
fixed,Restart
Langläufer aufgrund Reorg I falsche DB-Einträge (Hex 00 anstatt blank),Restart
program fix should fix further problems with this job,Restart
rerun of job ended without problems,Restart
input problem solved,Restart
done /resolved,Restart
done /resolved,Restart
done /resolved,Restart
done /resolved,Restart
done /resolved,Restart
done /resolved,Restart
done /resolved,Restart
done /resolved,Restart
done /resolved,Restart
Restart the program. Data problem withto big amount in Cruse After restart the affected account has been bypassed,Restart
Update T398 with the right departement,Restart
"too much error , level set with higher value , than it works",Restart
Wrong data on TDI001A1 corrected.,Restart
Faulty row deleted from TDP021A1,Restart
Puts set to ‘N'on TDE055A1 / DE05503.,Restart
faulty records (BU-ID 0025) deleted from the input file. -> restart ok,Restart
Restart after 07:00.,Restart
Restart ok after correction in NSS Data Dictionary,Restart
resolved,Restart
NSS had errors in their data dictionary and fixed it. Please find the aftached email for further details..,Restart
issue solved new mail modul,Restart
Repeat Pending TAX delivery. Restart ok,Restart
Input data corrected. After restart OK.,Restart
Job NJSOO4OP is only ordered once a week.,Restart
Snow/SCM Extract from CC4 had multiple entries for a KE with different RE Types .This is not supported in the SNCWISCM VSAM f ile.To solve the problem 1 the SNCWISCM extract is filtered to prevent duplicate entries.,Restart
Data correction for duplicates done.,Restart
Ticket ist aus dem DVSZ und schon álter und bis dato nicht mehr vorgekommen oder es gibt em neueres Ticket,Restart
"Data correction done, ready for restart.",Restart
Ticket ist aus dem DVSZ und schon álter und bis dato nicht mehr vorgekommen oder es gibt em neueres Ticket,Restart
Ticket ist aus dem DVSZ und schon álter und bis dato nicht mehr vorgekommen oder es gibt em neueres Ticket,Restart
Ticket ist aus dem DVSZ und schon álter und bis dato nicht mehr vorgekommen oder es gibt em neueres Ticket,Restart
"Data Issue resolved, restart required.",Restart
Ticket ist aus dem DVSZ und schon álter und bis dato nicht mehr vorgekommen oder es gibt em neueres Ticket ‚.,Restart
Ticket ist aus dem DVSZ und schon álter und bis dato nicht mehr vorgekommen oder es gibt em neueres Ticket ‚.,Restart
Ticket ist aus dem DVSZ und schon álter und bis dato nicht mehr vorgekommen oder es gibt em neueres Ticket ‚.,Restart
Ticket ist aus dem DVSZ und schon álter und bis dato nicht mehr vorgekommen oder es gibt em neueres Ticket ‚.,Restart
Ticket ist aus dem DVSZ und schon álter und bis dato nicht mehr vorgekommen oder es gibt em neueres Ticket ‚.,Restart
Changed the amount in DB2 table,Restart
restart required,Restart
resolved,Restart
Resolved,Restart
Resolved,Restart
ran fine,Restart
resolved,Restart
missing files providedkestored. Rerun ordered.,Restart
"File created, restart 0k",Restart
Restart 0k,Restart
"missing file, but IN-cond from previous session still existing. File restored, job has to RERUN.",Restart
"stale input STAT-code and vanished dataset leads to an error “file not found’. File is irregularely sent from outer application (MAMBA, UNIX-platform).",Restart
restart 0k,Restart
"File not delivered from 3,application MAMBAiTvIEDUSA.",Restart
"VYMAKU Problem, resolved from that Group, restart 0k",Restart
missing file restored ¡job restarted.,Restart
"FTPS Connection established, Medusa DVsZ environment",Restart
DB connection issue resolved. Job reruned,Restart
"file delivering Iront application (MAM6Aflyledusa) not yet fully connected to DVSZ, therefore always manual intervention from mainframe-team required. The generation of STAT-cond and expiration of file sometimes",Restart
is also not in sync.,Restart
"File created, restart 0k",Restart
"after RERUN with promotion version of JCL BGT9500P, job run o.k.",Restart
"ABEND due to missing file, but IN-Condition (STAT) existing. Situation occurred, when file had been sent from outer application-area (MAMBA) to host, but before next EDP-run in DvSZ the file got deletedemovec1",Restart
thru definition of Mgmtclas.,Restart
"Reason for ABEND of BGA9000P: stale INP-condition existsting, but INP-file had been removed (by mgmtclas or whatever). Resolved by restoring file from last EDP and RERUN.",Restart
dataset restored. Restart.,Restart
"File must not be empty, created new one and rerun of job, enede 0k",Restart
Input corrected. Job ran fine after restart.,Restart
done,Restart
After change of copybook for Input and Outputfile and copy of a new version of the JCLto the over lib the job has been restarted and ended ok.,Restart
qualified as resolved,Restart
"KAS 518 überlesen, Laufzeitende anders setzen",Restart
listener was down on server listener restarted,Restart
listener was down. It has been restarted,Restart
"CRS services were down services manually restarted, server rebooted",Restart
job re run successful,Restart
issue was auto resolved,Restart
"As discussed with Akshay NAS issue ,hence resolving the ticket",Restart
NAS issue resolved,Restart
"As confirmed, issue is solved now, no RCA available.",Restart
"Issue not in our scope, permissions were hanged but running teh job again restores the old permissions.",Restart
Issue has been resolved . apps team has resolved.,Restart
write access given to directories,Restart
"As per user issue has been resolved, closing.",Restart
Can you provide the server name for this. Is it JAPIDAPILW-I or CHP?,Restart
"load date in the imports — Xstage was missing by that time the job started, a rerun help and now it is ok",Restart
should be ok now,Restart
"we are working on it, missing some data",Restart
issue is resolved,Restart
should be ok now,Restart
Corrupted data. Data corrected and rerun ok,Restart
issue has been resolved,Restart
done,Restart
"This issue was resolved by Meyyappan, Ramkumar (KLOL 42) and the job finished successfuly.",Restart
batch runned and it should be fine now,Restart
issue is resolved,Restart
I have discussed wfth Ram and he is looking into this and the issue will be solved soon,Restart
Issue is resolved now since the tev runned,Restart
Application process are communicating properly So restarted. and worked fine.,Restart
Due to continuous DB connection drops in DVSZ ET the Application process are hung. so we have restarted the hung process and restored the services.Application look healthy now.,Restart
Restarted the Control-M server services to bring things into sync.,Restart
All scripts are resolved.,Restart
The Gatway was Restarted on the MF,Restart
File XIF.U0000.PO.RZZI.LIBSVM restored and job restarted ok.,Restart
Issue has already been resolved. Excel service was restarted on server.,Restart
add csintra.net and rowini.nettothe Compatibilty View in Eli and restartthe browserthentry again. How-to https://kb.wisc.edu/page.php?id=35591,Restart
No response from client.,Restart
"Good morning,
As you can see below, our Job UUT3200P is abended in RZZ (DvSZ E) with ONCODE=31 0, FIXEDOVERFLcDW. The reason for this abend is that we are calculating with the “Buchsaldo”.
The two following accounts in the Files KC.U0000.P0.KT00301 (0) - KC.U0000.P0.KT00332(0) contains a very highiow value in the Buchsaldo. We think this is not correct. Can you please check it and correct it, because otherwise we have the same problem in the next EOD again.
KCKMIS_CIF UNALIGNED I 2ADHAR 025183593296
KCKMIS_KONTO UNALIGNED I 6KHAR 0251835932961005
KCKMIS_BUCHSAL UNALIGNED 17PlC -999999999999.999
KCKMIS_CIF UNALIGNED I 2ADHAR 089294005200
KCKMIS_KONTO UNALIGNED I 6ADHAR 0892940052008010
KCKMIS_BUCHSAL UNALIGNED I 7,PIC ÷999999999999.999
Thank you very much for your help.",Restart
"New entry in table - restart Job
MFSI 10 YYMFGPH_OKB_E: 001 2SZONSZON1I
MF8I 10 YYMFGPH_BIC_E:
W3P_UG: T5
BD_DAT: 18.01 .2016
****************************
YYMFGPH - SQLCODE = -811
******************k*********
--> O4SQ: ZUGRIFFSFEHLER VMF2OI Al Y mit UG ==> PROGRAMMABBRUCH
Buchungsdatum: 18.01 .2016",Restart
"As you can see below, our Job UUT3200P is abended in RZZ (DvSZ E) with ONCODE=31 0, FIXEDOYERFLW. The reason for this abend is that we are calculating with the “Buchsaldo’.
The two following accounts in the Files KC.U0000.P0.KT00301 (0) - KC.U0000.P0.KT00332(0) contains a very highAow value in the Buchsaldo. We think this is not correct. Can you please check it and correct it,
because otherwise we have the same problem in the next EOD again.
KCKMIS_CIF UNALIGNED I 2ADHAR 025183593296
KCKMIS_KONTO UNALIGNED I 6ADHAR 0251 835932961005
KCKMIS_BUCHSAL UNALIGNED 1 7iPlC -999999999999.999
KCKMIS_CIF UNALIGNED I 2ADHAR 089294005200
KCKMIS_KONTO UNALIGNED I 6KHAR 0892940052008010
KCRMIS_BUCHSAL UNALIGNED lTiPIC ÷999999999999.999",Restart
"Good morning,
As you can see below, our Job UUT3200P is abended in RZZ (DvSZ E) with ONCODE=31 0, FIXEDOVERFLWV. The reason for this abend is that we are calculating with the “Ouchsaldo”.
The two following accounts in the Files KC.U0000.P0.KT00301 (0) - KC.U0000.P0.KT00332(0) contains a very highilow value in the Buchsaldo. We think this is not correct. Can you please check t and correct it
because otherwise we have the same problem in the next EOD again.
KCKMIS_CIF UNALIGNED 12/CHAR 025183593296
KCKMIS_KONTO UNALIGNED 16/CHAR 0251835932961005
KCKMIS_BUCHSAL UNALIGNED 17/P1C -999999999999.999
KCKMIS_CIF UNALIGNED 12/CHAR 089294005200
KCKMIS_KONTO UNALIGNED 16/CHAR 0892940052008010
KCKMIS_OUCHSAL UNALIGNED 17/PIC +999999999999.999",Restart
"Am 17118.03.2016 wurden vom GG Test Data Services cservicesiestdata@credit-suisse.com» Team über 18000 CIEs geläscht.
Dar Bereinigungslaut hat scheinbar nicht aIle auf dar TRVI OU gelöscht. Zusammen mit Jürg Staub bereinigt. Restart were ok",Restart
"Ich habe die Plausi die Problem verursacht hat mal deaktiviert. Wir klären noch ab wieso es zu diesen Fehler gekommen ist..
",Restart
"Problem caused by Suspension if SPID S202255 done by. GG Privileged Access Operations-ME CH <frontentitlement.acc@credð-suisse.com>.
How it happend and how they will prevent situations like this, that we never heared.
SPID has been reactivated form the Group who suspended it
",Restart
there was some access issues within the file system. This got resolved on restarting the weblogic server where EDP Status Live Tool is running.,Restart
Currently AD team asked us for reun the job and its executing now.,Restart
"Below ORA error is not database issue: ORA-00001: unique constraint (PMS,CLD_CLIENT_PORTFOLIO_PK) violation It is information that applicationÆiser try to insert row with Primary Key which already exist.",Restart
"Critical. Dynamic allocation of sort work data sets could not be attempted
or failed. derr indicates the error code associated with the dynamic
allocation failure as set by DFSORT, or as returned in field S99ERROR by
the system DYNALLOC service used by DFSORT.
One of the following derr values is set by DESORT when dynamic allocation
could not be attempted:
164K: The work space needed for each work data set exceeded 64K tracks
for a single, physical data set, but DESORT was unable to allocate the
work data sets as large format.
",Restart
